feature_name,X,Y,Z,coord,val,gx,gy,gz
fault_1,188008.85,7787595.17,-9171.4,0,0,,,
fault_1,188178.83,7788348.65,-9178.51,0,0,,,
fault_1,187910.92,7787093.16,-9199.87,0,0,,,
fault_1,188114.47,7788097.34,-9206.98,0,0,,,
fault_1,187836.07,7786591.6,-9214.11,0,0,,,
fault_1,188646.81,7789608.05,-9221.21,0,0,,,
fault_1,188304.74,7788601.16,-9221.21,0,0,,,
fault_1,187885.03,7786842.6,-9235.48,0,0,,,
fault_1,188134.76,7787847.69,-9235.48,0,0,,,
fault_1,187990.66,7787344.77,-9249.71,0,0,,,
fault_1,188543.98,7789355.99,-9256.82,0,0,,,
fault_1,188422.96,7788853.52,-9256.82,0,0,,,
fault_1,188495.01,7789104.98,-9271.05,0,0,,,
fault_1,188391.48,7788102.76,-9591.4,0,0,,,
fault_1,188183.03,7787348.54,-9612.77,0,0,,,
fault_1,188327.13,7787851.45,-9619.87,0,0,,,
fault_1,188059.21,7786595.97,-9627,0,0,,,
fault_1,188478.92,7788354.52,-9634.13,0,0,,,
fault_1,188157.15,7787097.98,-9641.24,0,0,,,
fault_1,188301.24,7787600.9,-9655.47,0,0,,,
fault_1,188730.75,7788859.55,-9797.86,0,0,,,
fault_1,188651,7788607.94,-9804.96,0,0,,,
fault_1,188169.74,7786848.18,-9804.96,0,0,,,
fault_1,189005.65,7789365.03,-10039.89,0,0,,,
fault_1,188636.66,7788357.61,-10103.97,1,,-0.44,-0.01,0.9
fault_1,189116.17,7789617.25,-10125.34,0,0,,,
fault_1,188341.82,7787101.6,-10132.44,1,,-0.42,-0.01,0.91
fault_1,188956.69,7789114.03,-10132.44,0,0,,,
fault_1,188281.31,7786850.37,-10143.12,1,,-0.4,-0.01,0.92
fault_1,188236.19,7786599.43,-10146.68,0,0,,,
fault_1,188220.8,7786599.13,-10160.91,1,,-0.38,-0.01,0.93
fault_1,188458.99,7787603.99,-10217.87,1,,-0.4,-0.01,0.92
fault_1,188774.11,7788610.36,-10228.54,1,,-0.42,-0.01,0.91
fault_1,188362.1,7786851.95,-10239.22,0,0,,,
fault_1,188452.34,7787353.81,-10281.93,0,0,,,
fault_1,188429.26,7787353.36,-10292.63,1,,-0.39,-0.01,0.92
fault_1,188930.8,7788863.47,-10317.53,0,0,,,
fault_1,188614.62,7788107.13,-10353.12,1,,-0.4,-0.01,0.92
fault_1,188737.74,7788109.55,-10367.37,0,0,,,
fault_1,188601.34,7787606.78,-10388.71,0,0,,,
fault_1,188581.05,7787856.43,-10410.08,1,,-0.36,-0.01,0.93
fault_1,189022.09,7789115.31,-10413.63,1,,-0.42,-0.01,0.91
fault_1,188526.49,7787105.22,-10431.45,0,0,,,
fault_1,188673.39,7787858.24,-10438.55,0,0,,,
fault_1,188926.95,7788863.4,-10452.79,1,,-0.39,-0.01,0.92
fault_1,189212.36,7789619.13,-10459.9,1,,-0.42,-0.01,0.91
fault_1,189151.85,7789367.9,-10563.13,1,,-0.42,-0.01,0.91
fault_1,188940.59,7788363.57,-10652.12,0,0,,,
fault_1,189012.64,7788615.03,-10766.03,0,0,,,
fault_1,189094.49,7788366.58,-11029.43,0,0,,,
fault_1,188677.58,7786858.13,-11050.77,0,0,,,
fault_1,188772.72,7787110.04,-11065.01,0,0,,,
fault_1,188605.53,7786606.67,-11107.71,0,0,,,
fault_1,189243.49,7788619.55,-11235.86,0,0,,,
fault_1,188909.12,7787612.81,-11264.34,0,0,,,
fault_1,188867.85,7787361.95,-11335.54,0,0,,,
fault_1,189114.77,7788116.93,-11499.27,0,0,,,
fault_1,189549.17,7789125.63,-11556.21,0,0,,,
fault_1,189027.33,7787865.17,-11584.68,0,0,,,
fault_1,189430.95,7788873.27,-11648.76,0,0,,,
fault_1,189777.91,7789630.21,-11698.6,0,0,,,
fault_1,189759.72,7789379.81,-11869.45,0,0,,,
fault_2,189092.87,7786366.17,-9277.38,0,0,,,
fault_2,189199.53,7786868.35,-9314.51,0,0,,,
fault_2,189128.12,7786616.91,-9321.95,0,0,,,
fault_2,189295.03,7787120.27,-9321.95,0,0,,,
fault_2,189417.76,7787622.77,-9325.67,0,0,,,
fault_2,189366.44,7787371.72,-9336.82,0,0,,,
fault_2,189493.18,7787874.3,-9366.54,0,0,,,
fault_2,189576.63,7788125.98,-9373.98,0,0,,,
fault_2,189656.07,7788377.58,-9466.86,0,0,,,
fault_2,188932.23,7784612.69,-9483.9,0,0,,,
fault_2,189002.42,7785614.25,-9490.83,0,0,,,
fault_2,189174.06,7786117.71,-9507.73,0,0,,,
fault_2,188996.09,7785364.08,-9515.06,0,0,,,
fault_2,189110.69,7785866.42,-9518.86,0,0,,,
fault_2,188975.96,7784863.59,-9528.91,0,0,,,
fault_2,189539.12,7787375.1,-9570.89,0,0,,,
fault_2,189064.58,7785115.37,-9580.8,0,0,,,
fault_2,189851.96,7788631.47,-9585.74,0,0,,,
fault_2,189634.62,7787627.02,-9596.89,0,0,,,
fault_2,189436.47,7786872.99,-9626.61,0,0,,,
fault_2,189661.84,7787877.6,-9626.61,0,0,,,
fault_2,189377.11,7786621.78,-9656.33,0,0,,,
fault_2,189556.06,7787125.38,-9693.49,0,0,,,
fault_2,189797.5,7788130.31,-9715.77,0,0,,,
fault_2,189067.17,7785365.47,-9717.51,1,,-0.33,-0.01,0.94
fault_2,189070.64,7784615.4,-9733.08,1,,-0.49,-0.01,0.87
fault_2,189353.89,7786371.28,-9745.49,0,0,,,
fault_2,189133.79,7785116.73,-9755.57,1,,-0.37,-0.01,0.93
fault_2,189367.95,7786371.56,-9782.67,1,,-0.48,-0.01,0.88
fault_2,189137.08,7785616.89,-9785,1,,-0.42,-0.01,0.91
fault_2,189110.63,7784866.23,-9791.92,1,,-0.46,-0.01,0.89
fault_2,189097.09,7785366.06,-9791.92,0,0,,,
fault_2,189494.7,7786874.13,-9803.09,1,,-0.52,-0.01,0.86
fault_2,189135.66,7785116.77,-9805.77,0,0,,,
fault_2,189103.14,7784866.08,-9805.77,0,0,,,
fault_2,189690.84,7787628.12,-9808.67,1,,-0.49,-0.01,0.87
fault_2,189623.45,7787376.75,-9812.39,1,,-0.48,-0.01,0.88
fault_2,189977.34,7788383.88,-9816.09,0,0,,,
fault_2,189409.23,7786622.41,-9827.23,1,,-0.49,-0.01,0.87
fault_2,189772.28,7787879.76,-9827.25,1,,-0.52,-0.01,0.86
fault_2,189155.79,7785617.26,-9833.43,0,0,,,
fault_2,189548.91,7786875.2,-9834.68,0,0,,,
fault_2,189227.15,7785868.7,-9838.37,0,0,,,
fault_2,189338.71,7786120.94,-9845.81,0,0,,,
fault_2,190006.57,7788634.5,-9860.67,1,,-0.49,-0.01,0.87
fault_2,189287.39,7785869.88,-9866.25,1,,-0.45,-0.01,0.89
fault_2,189584.17,7787125.94,-9868.11,1,,-0.47,-0.01,0.88
fault_2,189141.71,7784616.79,-9878.45,0,0,,,
fault_2,189632.36,7787126.88,-9879.25,0,0,,,
fault_2,189917.1,7788382.7,-9914.55,1,,-0.5,-0.01,0.86
fault_2,189871.8,7788131.76,-9914.56,1,,-0.48,-0.01,0.88
fault_2,189138.24,7785366.86,-9919.96,0,0,,,
fault_2,190016.61,7788634.69,-9920.13,0,0,,,
fault_2,189202.99,7785118.09,-9930.34,0,0,,,
fault_2,189374.85,7786121.64,-9933.14,1,,-0.43,-0.01,0.9
fault_2,189537.74,7786624.93,-9953.56,0,0,,,
fault_2,189878.7,7787881.85,-9953.56,0,0,,,
fault_2,189209.04,7784618.11,-9982.26,0,0,,,
fault_2,189827.37,7787630.8,-10001.85,0,0,,,
fault_2,189245.29,7784868.87,-10054.94,0,0,,,
fault_2,189271.75,7785619.53,-10079.16,0,0,,,
fault_2,190034.44,7788134.95,-10131.89,0,0,,,
fault_2,190161.18,7788637.53,-10135.6,0,0,,,
fault_2,189464.08,7785873.34,-10213.64,0,0,,,
fault_2,189643.03,7786376.94,-10287.95,0,0,,,
fault_2,190051.38,7787885.23,-10287.95,0,0,,,
fault_2,189880.46,7787381.79,-10287.95,0,0,,,
fault_2,189963.91,7787633.47,-10291.67,0,0,,,
fault_2,189789.86,7786879.92,-10291.67,0,0,,,
fault_2,189853.23,7787131.21,-10313.95,0,0,,,
fault_2,189690.34,7786627.92,-10332.52,0,0,,,
fault_2,189575.64,7786125.58,-10358.55,0,0,,,
fault_2,190178.12,7788387.81,-10362.24,0,0,,,
fault_2,189873.31,7787131.6,-10414.27,0,0,,,
fault_2,190166.96,7788137.54,-10455.15,0,0,,,
fault_3,190455.32,7775890.85,-9143.71,0,0,,,
fault_3,190335.85,7775388.41,-9272.14,0,0,,,
fault_3,190785.31,7776647.45,-9351.86,0,0,,,
fault_3,190851.67,7778149.04,-9356.3,0,0,,,
fault_3,190794.67,7777147.73,-9365.15,0,0,,,
fault_3,190766.05,7776897.12,-9369.59,0,0,,,
fault_3,190985.61,7778401.71,-9387.3,0,0,,,
fault_3,190785.53,7776147.36,-9396.15,0,0,,,
fault_3,190780.09,7777647.54,-9400.59,0,0,,,
fault_3,190842.21,7777898.81,-9409.44,0,0,,,
fault_3,190546.39,7775642.58,-9409.44,0,0,,,
fault_3,190780.2,7777397.5,-9409.44,0,0,,,
fault_3,190975,7779151.65,-9411.38,0,0,,,
fault_3,190857.22,7776398.81,-9413.88,0,0,,,
fault_3,190985.69,7779401.91,-9430.62,0,0,,,
fault_3,191027.55,7779652.77,-9440.24,0,0,,,
fault_3,190359.9,7775138.83,-9444.88,0,0,,,
fault_3,190498.62,7775391.6,-9471.44,0,0,,,
fault_3,191247.23,7780907.32,-9521.94,0,0,,,
fault_3,191114.96,7778904.34,-9541.17,0,0,,,
fault_3,191173.31,7779905.68,-9550.77,0,0,,,
fault_3,191737.68,7782667.26,-9555.6,0,0,,,
fault_3,191130.25,7778654.59,-9560.4,0,0,,,
fault_3,191246.34,7780157.15,-9560.4,0,0,,,
fault_3,190948.08,7776650.64,-9564.45,0,0,,,
fault_3,191779.83,7783168.18,-9594.04,0,0,,,
fault_3,191309.28,7780658.48,-9608.47,0,0,,,
fault_3,190843.08,7775898.44,-9622.04,0,0,,,
fault_3,191774.34,7782918.02,-9627.7,0,0,,,
fault_3,190804.78,7775897.69,-9628.68,1,,-0.58,-0.01,0.81
fault_3,191048.72,7776402.57,-9639.74,0,0,,,
fault_3,190771.38,7775646.99,-9644.18,0,0,,,
fault_3,191821.7,7783419.05,-9646.93,0,0,,,
fault_3,190565.75,7775142.86,-9648.62,0,0,,,
fault_3,190967.11,7776901.06,-9684.06,0,0,,,
fault_3,191758.16,7782417.61,-9694.99,0,0,,,
fault_3,191334.96,7780408.94,-9694.99,0,0,,,
fault_3,191114.98,7778154.2,-9697.32,0,0,,,
fault_3,191711.1,7782166.64,-9733.42,0,0,,,
fault_3,191014.88,7777152.05,-9739.4,1,,-0.51,-0.01,0.86
fault_3,191638.07,7781915.16,-9743.05,0,0,,,
fault_3,190986.04,7777401.53,-9746.05,0,0,,,
fault_3,191429.37,7781160.93,-9752.65,0,0,,,
fault_3,191713.79,7784417.13,-9757.46,0,0,,,
fault_3,191539.06,7781663.18,-9767.08,0,0,,,
fault_3,190658.99,7775394.74,-9772.62,1,,-0.54,-0.01,0.84
fault_3,191077.33,7776653.17,-9777.05,1,,-0.57,-0.01,0.82
fault_3,191052.85,7777902.93,-9777.05,0,0,,,
fault_3,191931.39,7783921.29,-9786.32,0,0,,,
fault_3,191007.81,7776901.86,-9788.13,1,,-0.5,-0.01,0.87
fault_3,191967.46,7783671.95,-9810.35,0,0,,,
fault_3,191033.92,7777402.47,-9814.7,1,,-0.53,-0.01,0.85
fault_3,191149.25,7776404.53,-9816.92,1,,-0.59,-0.01,0.81
fault_3,191253.69,7778406.96,-9821.34,0,,1,0,0
fault_3,191253.69,7778406.96,-9821.34,0,0,,,
fault_3,190723.62,7775396.01,-9834.63,0,0,,,
fault_3,191172.42,7778155.32,-9843.49,1,,-0.55,-0.01,0.84
fault_3,191512.79,7781412.61,-9853.58,0,0,,,
fault_3,191081.9,7777153.36,-9861.21,0,0,,,
fault_3,191072.11,7777653.26,-9872.28,1,,-0.53,-0.01,0.85
fault_3,191063.19,7776152.8,-9874.5,0,0,,,
fault_3,190642.35,7775144.37,-9898.86,1,,-0.53,-0.01,0.85
fault_3,190850.38,7775648.54,-9901.06,1,,-0.53,-0.01,0.85
fault_3,191187.44,7776655.33,-9918.79,0,0,,,
fault_3,191893.53,7782670.31,-9935.3,0,0,,,
fault_3,191198.86,7777905.79,-9940.92,1,,-0.56,-0.01,0.83
fault_3,191100.83,7777653.83,-9945.35,0,0,,,
fault_3,191087.12,7776153.27,-9947.57,1,,-0.48,-0.01,0.88
fault_3,191308.75,7778408.04,-9967.51,1,,-0.49,-0.01,0.87
fault_3,191966.27,7782671.74,-9976.17,1,,-0.48,-0.01,0.88
fault_3,191956.17,7782921.59,-9988.17,0,0,,,
fault_3,191391.81,7780160,-9992.97,0,0,,,
fault_3,191261.03,7779407.3,-9992.97,0,0,,,
fault_3,191264.14,7776406.78,-9998.52,0,0,,,
fault_3,190967.66,7775650.83,-10011.78,0,0,,,
fault_3,191120.09,7777404.15,-10011.78,0,0,,,
fault_3,192128.51,7783675.11,-10017,0,0,,,
fault_3,191325.61,7778158.32,-10025.08,0,0,,,
fault_3,191323.67,7779658.57,-10060.26,0,0,,,
fault_3,191299.69,7779158.01,-10074.68,1,,-0.44,-0.01,0.9
fault_3,191333.16,7778908.62,-10084.29,0,0,,,
fault_3,191418.68,7780910.67,-10089.1,0,0,,,
fault_3,192143.79,7783425.36,-10108.33,0,0,,,
fault_3,192095.84,7782424.23,-10113.15,0,0,,,
fault_3,191154.25,7775904.54,-10113.65,0,0,,,
fault_3,191235.09,7777156.36,-10113.65,0,0,,,
fault_3,191465.14,7780661.54,-10127.56,0,0,,,
fault_3,191308.09,7779658.27,-10132.37,1,,-0.38,-0.01,0.93
fault_3,191990.24,7783172.3,-10137.17,1,,-0.36,-0.01,0.93
fault_3,191381.12,7779909.75,-10137.19,0,0,,,
fault_3,191893.02,7784420.64,-10139.57,1,,-0.42,-0.01,0.91
fault_3,191921.6,7784421.2,-10141.99,0,0,,,
fault_3,191281.51,7779157.65,-10141.99,0,0,,,
fault_3,192134,7783925.26,-10141.99,0,0,,,
fault_3,192144.4,7783925.47,-10158.8,1,,-0.5,-0.01,0.87
fault_3,191584.92,7780913.93,-10166,1,,-0.46,-0.01,0.89
fault_3,191244.45,7777656.64,-10166.82,0,0,,,
fault_3,192111.43,7782424.53,-10170.82,1,,-0.6,-0.01,0.8
fault_3,192000.33,7782922.45,-10170.82,1,,-0.38,-0.01,0.92
fault_3,191341.55,7779408.88,-10173.22,1,,-0.43,-0.01,0.9
fault_3,191353.94,7778909.02,-10173.22,1,,-0.35,-0.01,0.94
fault_3,192084.05,7783424.19,-10180.43,1,,-0.44,-0.01,0.9
fault_3,191306.58,7777907.9,-10188.97,0,0,,,
fault_3,191430.82,7778410.43,-10188.97,0,0,,,
fault_3,191369.36,7776658.89,-10202.23,0,0,,,
fault_3,191249.56,7776906.6,-10206.67,0,0,,,
fault_3,191441.27,7776410.25,-10219.96,0,0,,,
fault_3,191287.64,7777407.44,-10219.96,0,0,,,
fault_3,191606.01,7781164.39,-10223.68,0,0,,,
fault_3,191464.54,7780161.43,-10223.7,1,,-0.31,-0.01,0.95
fault_3,192180.46,7783676.12,-10228.5,1,,-0.45,-0.01,0.89
fault_3,191521.98,7780412.6,-10247.71,0,0,,,
fault_3,192009.82,7782172.49,-10262.14,1,,-0.49,-0.01,0.87
fault_3,190982.13,7775401.07,-10273.11,0,0,,,
fault_3,191811.81,7781668.52,-10305.41,1,,-0.45,-0.01,0.89
fault_3,191704.71,7781166.33,-10319.82,1,,-0.44,-0.01,0.9
fault_3,191775.15,7781417.75,-10324.62,1,,-0.49,-0.01,0.87
fault_3,191871.56,7781669.69,-10324.64,0,0,,,
fault_3,191501.5,7780662.25,-10327.02,1,,-0.26,-0.01,0.97
fault_3,191741.37,7781417.09,-10329.44,0,0,,,
fault_3,191493.17,7778161.61,-10330.69,0,0,,,
fault_3,192059.18,7782173.46,-10334.24,0,0,,,
fault_3,191364.13,7777658.98,-10343.98,0,0,,,
fault_3,190924.8,7775149.9,-10352.83,0,0,,,
fault_3,191410.79,7778660.09,-10358.27,0,0,,,
fault_3,192080.86,7782924.03,-10358.27,0,0,,,
fault_3,191939.39,7781921.07,-10363.07,0,0,,,
fault_3,191892.63,7781920.15,-10372.7,1,,-0.37,-0.01,0.93
fault_3,191425.27,7779910.61,-10379.89,1,,-0.29,-0.01,0.96
fault_3,191511.29,7780162.34,-10387.1,0,0,,,
fault_3,191154.36,7775654.49,-10392.68,0,0,,,
fault_3,192194.85,7782676.21,-10396.73,0,0,,,
fault_3,191547.96,7780413.11,-10408.75,1,,-0.29,-0.01,0.96
fault_3,191448.05,7779410.96,-10430.36,0,0,,,
fault_3,191410.79,7778660.09,-10432.78,1,,-0.31,-0.01,0.95
fault_3,192273.68,7783427.9,-10464.03,0,0,,,
fault_3,191555.51,7777912.78,-10472.41,0,0,,,
fault_3,191388.72,7776159.18,-10498.99,0,0,,,
fault_3,192072.26,7784424.15,-10521.69,0,0,,,
fault_3,192357.4,7783929.64,-10531.29,0,0,,,
fault_3,191631.89,7778414.37,-10547.72,0,0,,,
fault_3,192464.7,7782431.45,-10646.65,0,0,,,
fault_3,191541.87,7779662.85,-10646.65,0,0,,,
fault_3,192393.47,7783680.3,-10646.65,0,0,,,
fault_3,192200.65,7783176.42,-10680.31,0,0,,,
fault_3,191583.73,7779913.72,-10685.11,0,0,,,
fault_3,192346.41,7783429.33,-10713.94,0,0,,,
fault_3,192226.32,7782926.88,-10713.94,0,0,,,
fault_3,191624.39,7779164.37,-10737.97,0,0,,,
fault_3,191703.82,7780416.16,-10762.01,0,0,,,
fault_3,191646.96,7780665.1,-10766.83,0,0,,,
fault_3,192308.55,7782178.35,-10790.87,0,0,,,
fault_3,192037.5,7781422.89,-10795.67,0,0,,,
fault_3,191592.92,7778913.7,-10805.27,0,0,,,
fault_3,191922.61,7780920.55,-10810.07,0,0,,,
fault_3,191588.63,7779663.76,-10824.5,0,0,,,
fault_3,192084.56,7781673.86,-10843.73,0,0,,,
fault_3,191682.73,7780165.7,-10886.99,0,0,,,
fault_3,191980.05,7781171.72,-10886.99,0,0,,,
fault_3,191697.42,7779415.85,-10915.82,0,0,,,
fault_3,192147.2,7781925.14,-11002.35,0,0,,,
fault_3,191693.72,7780666.01,-11045.58,0,0,,,
fault_3,191760.96,7780417.28,-11122.51,0,0,,,
fault_3,191677.24,7779915.55,-11209,0,0,,,
fault_3,191691.33,7778665.58,-11305.16,0,0,,,
fault_4,192780.39,7774936.2,-9455.31,0,0,,,
fault_4,192769.73,7774685.94,-9487.7,0,0,,,
fault_4,192691.81,7775684.61,-9512.89,0,0,,,
fault_4,192724.07,7774435,-9548.89,0,0,,,
fault_4,192813.38,7775436.94,-9552.47,0,0,,,
fault_4,192724.94,7775185.16,-9595.64,0,0,,,
fault_4,192567.89,7775932.23,-9633.16,0,0,,,
fault_4,192427.78,7776179.53,-9656.83,0,0,,,
fault_4,192535.37,7774931.4,-9753.99,0,0,,,
fault_4,192551.94,7774681.68,-9825.94,0,0,,,
fault_4,192404.01,7775678.97,-9887.1,0,0,,,
fault_4,192576.28,7774432.11,-9897.9,0,0,,,
fault_4,192241.4,7776175.88,-9913.8,0,0,,,
fault_4,192411.78,7775679.12,-9917.7,1,,0.57,0.01,0.82
fault_4,192334,7775927.65,-9937.47,0,0,,,
fault_4,192460.47,7775179.98,-9955.48,0,0,,,
fault_4,192423.59,7774679.16,-9957.27,1,,0.59,0.01,0.8
fault_4,192440.01,7775429.63,-9984.26,0,0,,,
fault_4,192299.28,7775926.97,-10020.3,1,,0.57,0.01,0.82
fault_4,192475.16,7774430.12,-10043.64,1,,0.45,0.01,0.89
fault_4,192190.23,7776174.88,-10096.38,1,,0.48,0.01,0.88
fault_4,192441.96,7775429.67,-10126.39,1,,0.54,0.01,0.84
fault_4,192390.46,7775178.61,-10138.99,0,,-1,0,0
fault_4,192390.46,7775178.61,-10138.99,1,,0.52,0.01,0.85
fault_4,192197.87,7775674.93,-10156.97,0,0,,,
fault_4,192146.38,7776174.02,-10160.61,0,0,,,
fault_4,192271.91,7774676.19,-10167.77,0,0,,,
fault_4,192350.63,7774927.78,-10221.74,1,,0.49,0.01,0.87
fault_4,192140.31,7775923.85,-10235,0,0,,,
fault_4,192220.34,7774925.23,-10236.14,0,0,,,
fault_4,192266,7775176.17,-10239.75,0,0,,,
fault_4,192131.75,7775673.64,-10322.5,0,0,,,
fault_4,192030.68,7775921.7,-10407.44,0,0,,,
fault_4,192077.44,7774672.38,-10426.84,0,0,,,
fault_4,191952.69,7776170.23,-10535.93,0,0,,,
fault_4,192226.24,7774425.25,-10538.4,0,0,,,
fault_4,192088.1,7774922.64,-10570.78,0,0,,,
fault_4,192055.98,7775172.06,-10682.33,0,0,,,
fault_4,192070.54,7775422.39,-10700.32,0,0,,,
fault_4,191920.87,7774919.36,-10988.17,0,0,,,
fault_5,191810.63,7776917.59,-9655.83,0,0,,,
fault_5,191780.17,7776666.94,-9672.21,0,0,,,
fault_5,191746.72,7775666.09,-9682,0,0,,,
fault_5,191636.57,7776414.08,-9685.28,0,0,,,
fault_5,191836.47,7775417.8,-9717.99,0,,1,0,0
fault_5,191836.47,7775417.8,-9717.99,0,0,,,
fault_5,191738.01,7774665.73,-9734.34,0,0,,,
fault_5,191708.37,7774915.2,-9783.43,0,0,,,
fault_5,191866.79,7776668.64,-9822.68,1,,-0.5,-0.01,0.87
fault_5,191918.47,7776919.7,-9829.2,1,,-0.53,-0.01,0.85
fault_5,191820.42,7776417.68,-9917.53,1,,-0.62,-0.01,0.78
fault_5,191937.65,7775669.83,-9940.44,0,0,,,
fault_5,191802.74,7776417.34,-9943.71,0,0,,,
fault_5,191953.42,7776670.34,-9973.16,0,0,,,
fault_5,191930.57,7775669.7,-9996.04,1,,-0.51,-0.01,0.86
fault_5,191819.34,7774667.33,-9999.32,0,0,,,
fault_5,192026.3,7776921.81,-10002.57,0,0,,,
fault_5,191874.55,7774918.45,-10077.83,0,0,,,
fault_5,191999.11,7775420.99,-10087.62,0,0,,,
fault_5,191854.69,7774668.02,-10090.9,1,,-0.31,-0.01,0.95
fault_5,191970.83,7775420.44,-10130.15,1,,-0.31,-0.01,0.95
fault_5,191897.53,7774918.91,-10141.61,1,,-0.47,-0.01,0.88
fault_5,192004.28,7776421.28,-10149.78,0,0,,,
fault_5,192114.43,7775673.3,-10310.07,0,0,,,
fault_5,192030.12,7774921.5,-10326.41,0,0,,,
fault_5,191971.37,7774670.3,-10447.46,0,0,,,
fault_5,192086.69,7774922.61,-10499.8,0,0,,,
fault_5,192105.19,7775423.07,-10542.31,0,0,,,
fault_6,196339.29,7780256.92,-8674.32,0,0,,,
fault_6,196119.69,7779002.38,-8743.33,0,0,,,
fault_6,195728.34,7788496.53,-8804.69,0,0,,,
fault_6,195794.9,7788247.79,-8807.05,0,0,,,
fault_6,195677.17,7788745.58,-8817.4,0,0,,,
fault_6,195980.81,7787001.19,-8824.28,0,0,,,
fault_6,195877.53,7786249.02,-8824.28,0,0,,,
fault_6,195909.89,7786499.71,-8824.28,0,0,,,
fault_6,195874.3,7787999.3,-8824.28,0,0,,,
fault_6,195897.82,7787749.71,-8824.28,0,0,,,
fault_6,195982.12,7787251.27,-8830.02,0,0,,,
fault_6,195936.03,7786750.27,-8830.02,0,0,,,
fault_6,195876.22,7785998.95,-8830.02,0,0,,,
fault_6,195902.72,7787499.76,-8835.77,0,0,,,
fault_6,195943.2,7785750.22,-8858.74,0,0,,,
fault_6,195966.73,7785500.63,-8864.49,0,0,,,
fault_6,195915.65,7787249.96,-8891.02,0,0,,,
fault_6,195920.54,7787000.01,-8891.02,0,0,,,
fault_6,195739.76,7788246.71,-8891.02,0,0,,,
fault_6,195812.42,7786247.75,-8891.02,0,0,,,
fault_6,196480.59,7782510.12,-8901.48,0,0,,,
fault_6,196372.95,7784758.44,-8904.03,0,0,,,
fault_6,196416.27,7784509.24,-8905.97,0,0,,,
fault_6,196455.37,7784259.96,-8913.88,0,0,,,
fault_6,196605.63,7784012.86,-8921.79,0,0,,,
fault_6,196453.6,7781509.4,-8922.82,0,0,,,
fault_6,195830.16,7778746.66,-8925.98,0,0,,,
fault_6,196444.87,7782009.32,-8927.06,0,0,,,
fault_6,196463.39,7782259.73,-8928.73,0,0,,,
fault_6,195858.45,7786748.75,-8932.34,0,0,,,
fault_6,196074.11,7779751.63,-8943.24,0,0,,,
fault_6,196347.71,7781257.28,-8948.27,0,0,,,
fault_6,195911.28,7779248.34,-8948.9,0,0,,,
fault_6,196222.82,7785005.55,-8950.73,0,0,,,
fault_6,196596.14,7783262.53,-8960.48,0,0,,,
fault_6,195762.87,7786496.83,-8963.33,0,0,,,
fault_6,196166.12,7780503.58,-8963.42,0,0,,,
fault_6,196390.36,7781758.21,-8963.72,0,0,,,
fault_6,195981.15,7785250.86,-8965.94,0,0,,,
fault_6,196077.07,7780001.74,-8979.59,0,0,,,
fault_6,195760.65,7785996.69,-8985.84,0,0,,,
fault_6,196177.57,7780753.85,-8986.12,0,0,,,
fault_6,195920.04,7779498.56,-8986.17,0,0,,,
fault_6,196482.26,7783760.39,-9000.91,0,0,,,
fault_6,196440.86,7783009.44,-9004.04,0,0,,,
fault_6,196148.15,7781003.32,-9023.94,0,0,,,
fault_6,195674.82,7778493.57,-9024.11,0,0,,,
fault_6,195709.79,7787495.98,-9025.3,0,0,,,
fault_6,195682.56,7787745.49,-9025.3,0,0,,,
fault_6,195220.22,7776984.38,-9025.66,0,0,,,
fault_6,195356.84,7777487.15,-9029.05,0,0,,,
fault_6,195654.92,7778243.13,-9031.74,0,0,,,
fault_6,196426.59,7782759.11,-9037.76,0,0,,,
fault_6,194514.12,7775720.31,-9041.98,0,0,,,
fault_6,195624.24,7787994.4,-9050.58,0,0,,,
fault_6,196491.68,7783510.53,-9056.41,0,0,,,
fault_6,194503.76,7775470.05,-9079.58,0,0,,,
fault_6,195725.76,7785745.96,-9087.99,0,0,,,
fault_6,194447.67,7775218.91,-9088.99,0,0,,,
fault_6,191182.81,7770904.14,-9094.76,0,0,,,
fault_6,191265.64,7771155.81,-9110.99,0,0,,,
fault_6,192139.45,7772923.26,-9115.71,0,0,,,
fault_6,195254.51,7777235.1,-9116.29,0,0,,,
fault_6,191927.86,7772419.02,-9121.4,0,0,,,
fault_6,192039.8,7772671.26,-9121.4,0,0,,,
fault_6,195503.09,7788242.07,-9134.47,0,0,,,
fault_6,194478.73,7775969.66,-9136.02,0,0,,,
fault_6,191828.21,7772167.02,-9138.46,0,0,,,
fault_6,191041.49,7770651.32,-9143.46,0,0,,,
fault_6,195373.68,7788739.63,-9154.89,0,0,,,
fault_6,191722.4,7771914.9,-9155.53,0,0,,,
fault_6,192146.86,7773173.45,-9172.6,0,0,,,
fault_6,195393.65,7788489.98,-9190.88,0,0,,,
fault_6,191378.48,7771408.07,-9191.77,0,0,,,
fault_6,195337.62,7777986.87,-9199.9,0,0,,,
fault_6,195593.19,7778992.07,-9213.06,0,,-0.86,0,0.5
fault_6,195593.19,7778992.07,-9213.06,0,0,,,
fault_6,192598.3,7773682.39,-9218.11,0,0,,,
fault_6,195930.76,7780248.92,-9219.44,0,0,,,
fault_6,195277.27,7777735.64,-9223.74,0,0,,,
fault_6,195641.43,7786994.54,-9252.54,0,0,,,
fault_6,196079.5,7784752.69,-9300.27,0,0,,,
fault_6,191413.66,7771658.8,-9314.84,0,0,,,
fault_6,190794.91,7770396.44,-9316.59,0,0,,,
fault_6,195510.98,7786241.84,-9324.83,0,0,,,
fault_6,195636.53,7787244.5,-9324.83,0,0,,,
fault_6,195657.73,7779743.47,-9343.01,0,0,,,
fault_6,195608.82,7785493.62,-9343.06,0,0,,,
fault_6,194544.98,7776221.01,-9361.71,0,0,,,
fault_6,194674.91,7776473.6,-9372.53,0,0,,,
fault_6,195754.96,7779995.43,-9379.36,0,0,,,
fault_6,195987.86,7781250.23,-9379.56,0,0,,,
fault_6,195502.02,7785991.62,-9390.77,0,0,,,
fault_6,195751.48,7785246.36,-9415.91,0,0,,,
fault_6,196221.98,7782755.1,-9416.35,0,0,,,
fault_6,194035.8,7774960.79,-9427.54,0,0,,,
fault_6,195534.68,7786742.4,-9428.12,0,0,,,
fault_6,195310.78,7778736.49,-9429.73,0,0,,,
fault_6,195798.08,7780496.37,-9432.53,0,0,,,
fault_6,196255.05,7784005.99,-9436,0,0,,,
fault_6,193496.69,7774450.14,-9436.94,0,0,,,
fault_6,193710.34,7774704.37,-9451.07,0,0,,,
fault_6,194939.33,7776978.87,-9472.85,0,0,,,
fault_6,196259.94,7783756.04,-9475.57,0,0,,,
fault_6,192881.52,7774188.04,-9483.98,0,0,,,
fault_6,195866.79,7780747.76,-9493.08,0,0,,,
fault_6,196128.67,7782503.23,-9499.66,0,0,,,
fault_6,196094.28,7782252.5,-9503.43,0,0,,,
fault_6,195873.39,7784998.7,-9503.74,0,0,,,
fault_6,194578.43,7776721.76,-9509.12,0,0,,,
fault_6,196312.77,7783256.98,-9513.95,0,0,,,
fault_6,192321.56,7773676.97,-9531.04,0,0,,,
fault_6,192388.33,7773928.33,-9535.7,0,0,,,
fault_6,191008.52,7771400.82,-9556.13,0,0,,,
fault_6,196038.86,7782001.37,-9586.74,0,0,,,
fault_6,195994.24,7781750.45,-9614.21,0,0,,,
fault_6,191483.82,7772160.27,-9616.37,0,0,,,
fault_6,194762.97,7776975.42,-9629.97,0,0,,,
fault_6,193085,7774442.07,-9650.9,1,,0.89,0.02,0.46
fault_6,195471.14,7779489.77,-9652.25,0,0,,,
fault_6,195109.67,7778232.45,-9666.13,0,0,,,
fault_6,196104.79,7784253.09,-9673.34,0,0,,,
fault_6,195397.18,7787489.85,-9676.04,0,0,,,
fault_6,194797.27,7777226.14,-9696.46,0,0,,,
fault_6,194793.43,7777476.11,-9726.15,0,0,,,
fault_6,193924.17,7775208.65,-9728.48,0,0,,,
fault_6,195195.65,7778484.18,-9734.92,0,0,,,
fault_6,195780.11,7780996.11,-9735.2,0,0,,,
fault_6,190496.64,7770390.6,-9738.64,0,0,,,
fault_6,191205.82,7771904.78,-9747.24,0,0,,,
fault_6,191417.42,7772409.02,-9770,0,0,,,
fault_6,190933.97,7771649.41,-9798.47,0,0,,,
fault_6,193949.96,7775709.25,-9799.02,0,0,,,
fault_6,196089.69,7783002.56,-9807.77,0,0,,,
fault_6,195888.53,7781498.33,-9830.83,0,0,,,
fault_6,194876.78,7777727.79,-9832.94,0,0,,,
fault_6,195397.5,7785739.53,-9837.13,0,0,,,
fault_6,190520.99,7770641.13,-9852.28,0,0,,,
fault_6,193278.32,7774695.91,-9860.16,0,0,,,
fault_6,192673.32,7774434.01,-9864.85,0,0,,,
fault_6,191611.82,7773162.97,-9872.42,0,0,,,
fault_6,195217.11,7778984.7,-9874.12,0,0,,,
fault_6,193436.07,7774949.04,-9893.07,0,0,,,
fault_6,196081.2,7783502.49,-9898.51,0,0,,,
fault_6,191219.37,7772155.09,-9900.87,0,0,,,
fault_6,191381.77,7772658.37,-9912.24,0,0,,,
fault_6,191891.07,7773668.54,-9929.31,0,0,,,
fault_6,194342,7776467.08,-9958.92,0,0,,,
fault_6,190492.69,7770890.62,-9960.5,0,0,,,
fault_6,193894.23,7775958.21,-9963.61,0,0,,,
fault_6,190634.01,7771143.44,-9965.91,0,0,,,
fault_6,194910.69,7788730.56,-9975.35,0,0,,,
fault_6,194184.12,7776213.94,-9977.71,0,0,,,
fault_6,191941.07,7773919.57,-9982.4,0,0,,,
fault_6,195336.82,7785488.29,-9992.5,0,0,,,
fault_6,195269.48,7787737.4,-9996.22,0,0,,,
fault_6,194893.05,7788730.22,-10055.31,1,,0.54,0.01,0.84
fault_6,193822.71,7775456.71,-10067.03,0,0,,,
fault_6,195451.53,7780239.53,-10084.41,0,0,,,
fault_6,193540.44,7775201.14,-10092.91,1,,0.67,0.01,0.74
fault_6,194245.3,7776715.23,-10101.36,0,0,,,
fault_6,196029.08,7783751.51,-10108.44,0,0,,,
fault_6,195434,7785240.14,-10109.6,0,0,,,
fault_6,195470.94,7780489.96,-10128.67,0,0,,,
fault_6,195193.48,7786485.67,-10130.5,0,0,,,
fault_6,190163.28,7770384.07,-10133.63,0,0,,,
fault_6,194950.57,7788481.3,-10165.82,0,0,,,
fault_6,194967.32,7778729.76,-10181.5,0,0,,,
fault_6,192147.1,7774173.65,-10186.96,1,,0.72,0.01,0.69
fault_6,190205.17,7770634.94,-10214.8,0,0,,,
fault_6,192022.58,7774171.21,-10226.93,0,0,,,
fault_6,195895.92,7783998.95,-10227.1,0,0,,,
fault_6,195002.9,7788232.27,-10244.13,0,0,,,
fault_6,195706.74,7784745.39,-10268.86,0,0,,,
fault_6,192739.58,7774685.35,-10269.25,0,0,,,
fault_6,194718.01,7777974.73,-10277.6,0,0,,,
fault_6,195094.17,7785983.63,-10283.48,0,0,,,
fault_6,195449.68,7780739.59,-10287.56,0,0,,,
fault_6,195267.85,7787237.27,-10291.1,1,,0.44,0.01,0.9
fault_6,191143.18,7772903.74,-10344.67,0,0,,,
fault_6,195763.67,7782746.12,-10347.7,0,0,,,
fault_6,195225.64,7779735.01,-10353.33,0,0,,,
fault_6,190713.83,7771895.14,-10356.05,0,0,,,
fault_6,193459.5,7775699.65,-10358.59,1,,0.63,0.01,0.78
fault_6,190361.11,7770888.04,-10360.89,1,,0.54,0.01,0.84
fault_6,194939.68,7779229.31,-10361.46,0,0,,,
fault_6,193874.09,7776207.86,-10363.29,0,0,,,
fault_6,194896.16,7787980.14,-10368.07,0,0,,,
fault_6,193273.8,7775445.96,-10393.85,1,,0.68,0.01,0.73
fault_6,194366.15,7777217.69,-10397.48,0,0,,,
fault_6,190629.48,7771393.39,-10402.91,1,,0.53,0.01,0.85
fault_6,190893.43,7772148.71,-10418.63,0,0,,,
fault_6,195009.95,7786732.13,-10419.71,0,0,,,
fault_6,194623,7777972.87,-10426.66,1,,0.5,0.01,0.86
fault_6,190888.53,7772398.66,-10458.45,0,0,,,
fault_6,195030.91,7786232.44,-10461.03,0,0,,,
fault_6,195083.21,7786983.61,-10461.03,0,0,,,
fault_6,195719.46,7782495.21,-10461.28,0,0,,,
fault_6,195729.27,7782995.5,-10483.2,0,0,,,
fault_6,193358.03,7775947.71,-10511.41,1,,0.63,0.01,0.78
fault_6,190333.73,7771387.6,-10525.02,0,0,,,
fault_6,190199.32,7770634.82,-10525.92,1,,0.52,0.01,0.85
fault_6,190069.71,7770382.24,-10534.04,1,,0.51,0.01,0.86
fault_6,195312.45,7784987.72,-10541.67,0,0,,,
fault_6,193090.64,7775192.32,-10546.67,0,0,,,
fault_6,193034.55,7774941.18,-10549.02,1,,0.67,0.01,0.75
fault_6,190503.48,7771640.97,-10555.18,0,0,,,
fault_6,195769.65,7783246.34,-10562.62,0,0,,,
fault_6,190963.59,7772650.18,-10566.56,0,0,,,
fault_6,195724.26,7783495.5,-10567.23,0,0,,,
fault_6,195595.41,7784493.16,-10567.26,0,0,,,
fault_6,195617.4,7784243.55,-10575.16,0,0,,,
fault_6,192754.83,7774685.65,-10584.29,1,,0.64,0.01,0.76
fault_6,191411.39,7773659.14,-10595.01,0,0,,,
fault_6,195317.21,7781237.09,-10605.36,0,0,,,
fault_6,191089.09,7773152.73,-10606.38,0,0,,,
fault_6,191524.3,7773911.4,-10607.8,0,0,,,
fault_6,190118.4,7770883.29,-10609.8,0,0,,,
fault_6,194989,7787231.81,-10615.98,0,0,,,
fault_6,193881.14,7776958.15,-10621.09,0,0,,,
fault_6,194939.44,7787480.89,-10626.31,0,0,,,
fault_6,193375.63,7775698,-10636.02,0,0,,,
fault_6,192790.59,7774936.4,-10645.43,0,0,,,
fault_6,194658.65,7778473.66,-10652.14,0,0,,,
fault_6,195491.1,7782240.69,-10652.84,0,0,,,
fault_6,194907.12,7785229.82,-10659.55,0,0,,,
fault_6,190657.23,7771643.99,-10660.44,1,,0.49,0.01,0.87
fault_6,192434.63,7774679.38,-10668.93,0,0,,,
fault_6,195150.03,7779983.58,-10673.15,0,0,,,
fault_6,194481.79,7778220.15,-10675.06,0,0,,,
fault_6,194236.8,7777465.21,-10693.32,0,0,,,
fault_6,195429.78,7781739.39,-10704.48,0,0,,,
fault_6,190018.02,7770631.27,-10712.58,0,0,,,
fault_6,193708.19,7776454.66,-10746.69,0,0,,,
fault_6,189876.71,7770378.46,-10761.28,0,0,,,
fault_6,195424.88,7781989.34,-10768.61,0,0,,,
fault_6,195371.63,7782488.4,-10771.72,1,,0.51,0.01,0.86
fault_6,193080.66,7775442.18,-10781.79,0,0,,,
fault_6,193898.36,7777208.53,-10812.8,1,,0.62,0.01,0.78
fault_6,195311.05,7782237.16,-10815.26,1,,0.52,0.01,0.85
fault_6,190318.19,7771137.25,-10815.4,1,,0.49,0.01,0.87
fault_6,194272.63,7777715.96,-10831.49,0,0,,,
fault_6,190125.2,7771133.47,-10831.63,0,0,,,
fault_6,191267.44,7773156.23,-10845.35,1,,0.47,0.01,0.89
fault_6,193870.24,7777458.03,-10859.74,1,,0.63,0.01,0.78
fault_6,195567.34,7783742.47,-10883.69,0,0,,,
fault_6,191412.67,7774159.26,-10889.93,0,0,,,
fault_6,190738.43,7771895.62,-10905.1,1,,0.49,0.01,0.87
fault_6,195063.68,7781232.12,-10930.73,1,,0.54,0.01,0.84
fault_6,193208.28,7776194.82,-10946.35,0,0,,,
fault_6,191522.08,7773661.31,-10947.76,1,,0.53,0.01,0.85
fault_6,194534.06,7779221.37,-10971.32,1,,0.56,0.01,0.83
fault_6,191152.41,7772903.93,-10973.38,1,,0.47,0.01,0.88
fault_6,194624.15,7779473.18,-10976.57,0,0,,,
fault_6,191460.77,7773910.16,-10983.98,1,,0.54,0.01,0.84
fault_6,194817.56,7785728.17,-11021.58,0,0,,,
fault_6,190962.33,7772400.11,-11021.75,1,,0.45,0.01,0.89
fault_6,190844.23,7772147.75,-11021.75,1,,0.46,0.01,0.89
fault_6,194644.27,7787725.15,-11029.13,0,0,,,
fault_6,191055.83,7772651.99,-11033.12,1,,0.46,0.01,0.89
fault_6,194384.48,7779218.44,-11044.08,0,0,,,
fault_6,194446.16,7778969.6,-11057.1,0,0,,,
fault_6,194467.01,7788221.78,-11060.12,0,0,,,
fault_6,195090.92,7784483.28,-11061.69,1,,0.52,0.01,0.85
fault_6,195465.16,7783490.42,-11064.65,0,0,,,
fault_6,195284.55,7783986.98,-11073.55,1,,0.52,0.01,0.85
fault_6,193423.89,7776949.19,-11083.41,1,,0.66,0.01,0.75
fault_6,192633.22,7775183.36,-11096.84,0,0,,,
fault_6,189878.61,7770878.59,-11134.63,0,0,,,
fault_6,195234.6,7783235.86,-11165.7,1,,0.53,0.01,0.85
fault_6,194175.35,7778464.2,-11171.89,1,,0.57,0.01,0.82
fault_6,194110.02,7778212.87,-11187.18,1,,0.58,0.01,0.81
fault_6,192811.66,7775937,-11195.57,0,0,,,
fault_6,192864.43,7776188.09,-11200.43,1,,0.67,0.01,0.74
fault_6,195244.35,7783486.09,-11202.97,1,,0.5,0.01,0.86
fault_6,195070.17,7784232.83,-11204.08,1,,0.52,0.01,0.86
fault_6,195216.76,7783735.6,-11208.04,1,,0.5,0.01,0.87
fault_6,194706.25,7780474.98,-11210.69,1,,0.54,0.01,0.84
fault_6,195223.51,7782735.54,-11226.04,0,0,,,
fault_6,194520.77,7785472.3,-11234.56,0,0,,,
fault_6,193763.52,7777705.98,-11249.11,1,,0.6,0.01,0.8
fault_6,194729.17,7780975.52,-11278.79,1,,0.53,0.01,0.85
fault_6,194108.92,7788714.86,-11293.22,0,0,,,
fault_6,192791.15,7775686.55,-11294.33,0,0,,,
fault_6,192994.4,7776690.73,-11297.94,1,,0.66,0.01,0.75
fault_6,190258.74,7771886.23,-11306.21,0,0,,,
fault_6,194312.69,7785218.18,-11315.73,0,0,,,
fault_6,194615.67,7787474.55,-11318.34,0,0,,,
fault_6,194668.63,7780724.29,-11331.77,1,,0.54,0.01,0.84
fault_6,193815.93,7777456.96,-11333.9,0,0,,,
fault_6,190482.65,7772390.71,-11334.68,0,0,,,
fault_6,195031.18,7782731.78,-11335.82,1,,0.52,0.01,0.85
fault_6,194255.28,7778715.81,-11344.03,0,0,,,
fault_6,194884.8,7781478.67,-11344.13,1,,0.54,0.01,0.84
fault_6,190944,7773649.99,-11346.06,0,0,,,
fault_6,194949.54,7781980.03,-11359.56,1,,0.52,0.01,0.85
fault_6,194290.03,7785967.88,-11374.11,0,0,,,
fault_6,194291.58,7788468.39,-11376.47,0,0,,,
fault_6,193241,7776945.61,-11394.62,0,0,,,
fault_6,191112.62,7773903.34,-11402.48,0,0,,,
fault_6,195193.26,7782985,-11415.16,0,0,,,
fault_6,192888.73,7776438.61,-11433.75,0,0,,,
fault_6,194969.14,7784730.94,-11450.23,0,0,,,
fault_6,194954.11,7784480.6,-11453.29,0,0,,,
fault_6,193200.17,7776694.76,-11467.16,0,0,,,
fault_6,195083.18,7781732.6,-11510.73,0,0,,,
fault_6,190640.15,7773143.94,-11539.5,0,0,,,
fault_6,192690.26,7776434.72,-11540.38,1,,0.68,0.01,0.74
fault_6,192598.38,7776182.87,-11552.94,0,0,,,
fault_6,194445.92,7780219.83,-11581.71,0,0,,,
fault_6,194662.3,7781724.36,-11584.03,1,,0.55,0.01,0.83
fault_6,194855.06,7781478.09,-11584.9,0,0,,,
fault_6,189880.48,7771378.72,-11614.04,0,0,,,
fault_6,193949.51,7778709.82,-11623.06,1,,0.57,0.01,0.82
fault_6,189539.4,7770871.95,-11627.03,0,0,,,
fault_6,194382.97,7780218.6,-11632.18,1,,0.55,0.01,0.83
fault_6,189669.02,7771124.53,-11632.44,0,0,,,
fault_6,193908.38,7777958.87,-11653.42,0,0,,,
fault_6,190503.6,7772891.22,-11658.97,0,0,,,
fault_6,194140.61,7778963.61,-11665.99,1,,0.56,0.01,0.83
fault_6,194295.43,7786718.13,-11669.54,0,0,,,
fault_6,192033.3,7774921.56,-11670.51,0,0,,,
fault_6,192404.88,7775678.99,-11675.2,0,0,,,
fault_6,194782.02,7782976.94,-11680.2,1,,0.53,0.01,0.85
fault_6,193787.82,7778206.56,-11684,0,0,,,
fault_6,194525.51,7780721.49,-11687.38,0,0,,,
fault_6,190223.1,7772135.58,-11704.51,0,0,,,
fault_6,192043.84,7775421.87,-11708.11,0,0,,,
fault_6,191799.32,7774666.93,-11717.52,0,0,,,
fault_6,193849.02,7778457.8,-11722.21,0,0,,,
fault_6,194314.31,7779717.16,-11727.07,0,0,,,
fault_6,189344.5,7770368.03,-11751.49,0,0,,,
fault_6,194553.58,7787223.28,-11752.18,0,0,,,
fault_6,194556.61,7781222.19,-11755.48,0,0,,,
fault_6,194827.09,7783978.02,-11848.83,0,0,,,
fault_6,194014.17,7787962.86,-11876.11,0,0,,,
fault_6,192237.34,7775925.75,-11886.8,0,0,,,
fault_6,189357.15,7770618.33,-11908.39,0,0,,,
fault_6,193977.93,7786961.96,-11917.43,0,0,,,
fault_6,193390.18,7777698.67,-11924.23,0,0,,,
fault_6,194245.75,7784966.82,-11936.91,0,0,,,
fault_6,194696.43,7782475.17,-11975.65,0,0,,,
fault_6,190360.9,7772638.37,-12000.35,0,0,,,
fault_6,189900.8,7771629.17,-12006.04,0,0,,,
fault_6,194823.44,7783727.9,-12007.04,0,0,,,
fault_6,194702.48,7784225.62,-12022.85,0,0,,,
fault_6,190807.67,7773897.36,-12051.38,0,0,,,
fault_6,194069.79,7779962.42,-12054.16,1,,0.55,0.01,0.84
fault_6,193972.55,7779710.46,-12068.68,1,,0.56,0.01,0.83
fault_6,192936.47,7777189.69,-12069.95,0,0,,,
fault_6,194244.16,7780465.93,-12073.28,0,0,,,
fault_6,189951.25,7771880.2,-12131.22,0,0,,,
fault_6,193953.12,7785711.23,-12155.42,0,0,,,
fault_6,192074.89,7776172.62,-12183.05,0,0,,,
fault_6,193874.09,7786959.92,-12199.11,1,,0.53,0.01,0.85
fault_6,194010.05,7786462.49,-12206.64,0,0,,,
fault_6,192024.44,7776421.68,-12215.61,0,0,,,
fault_6,190636.51,7773643.96,-12222.27,0,0,,,
fault_6,193815.08,7786708.72,-12227.8,1,,0.53,0.01,0.85
fault_6,192529,7776931.66,-12228.62,0,0,,,
fault_6,189417.54,7771119.61,-12249.27,0,0,,,
fault_6,190193.61,7772385.05,-12256.4,0,0,,,
fault_6,193800.67,7787458.58,-12258.29,0,0,,,
fault_6,192383.66,7776678.76,-12270.91,0,0,,,
fault_6,194204.88,7779464.97,-12281.29,1,,0.46,0.01,0.89
fault_6,194543.3,7783472.36,-12317.64,0,0,,,
fault_6,194527.85,7782721.92,-12361.79,0,0,,,
fault_6,193835.73,7787459.27,-12375.28,1,,0.5,0.01,0.86
fault_6,193506.87,7788202.97,-12382.24,0,0,,,
fault_6,193838.96,7787959.43,-12395.36,1,,0.5,0.01,0.87
fault_6,190533.22,7773891.99,-12432.25,0,0,,,
fault_6,194300.84,7781717.28,-12436.08,0,0,,,
fault_6,193641.63,7779453.93,-12449.76,0,0,,,
fault_6,193633.98,7785955.03,-12476.73,1,,0.52,0.01,0.85
fault_6,192542.22,7777181.96,-12509.31,0,0,,,
fault_6,193542.64,7785203.09,-12509.39,0,0,,,
fault_6,193663.37,7787705.94,-12514.14,1,,0.52,0.01,0.86
fault_6,190388.01,7773139,-12518.11,0,0,,,
fault_6,189370.75,7771118.69,-12519.8,0,0,,,
fault_6,194074.08,7781212.74,-12527.29,0,0,,,
fault_6,194353.15,7783718.68,-12560.79,0,0,,,
fault_6,189946.36,7772130.16,-12575.02,0,0,,,
fault_6,193044.29,7778191.99,-12601.19,0,0,,,
fault_6,194262.67,7782466.67,-12641.96,0,0,,,
fault_6,189754.46,7771876.35,-12654.67,0,0,,,
fault_6,190445.87,7773640.23,-12677.42,0,0,,,
fault_6,193598.52,7785454.24,-12679.77,1,,0.53,0.01,0.85
fault_6,193404.98,7788200.97,-12687.23,1,,0.52,0.01,0.85
fault_6,192383.64,7777428.91,-12690.44,0,0,,,
fault_6,194158.72,7782214.59,-12701.79,0,0,,,
fault_6,194073.39,7784463.35,-12711.11,0,0,,,
fault_6,194295.95,7781967.23,-12738.44,0,0,,,
fault_6,192998.08,7778441.13,-12807.57,0,0,,,
fault_6,193494.15,7785452.19,-12817.59,0,0,,,
fault_6,190165.36,7772884.59,-12831.05,0,0,,,
fault_6,193427.88,7786201.04,-12854.99,1,,0.52,0.01,0.85
fault_6,193338.03,7787699.57,-12878.05,0,0,,,
fault_6,193679.46,7784705.68,-12890.15,1,,0.56,0.01,0.83
fault_6,193694.58,7780955.26,-12898.03,0,0,,,
fault_6,189860.26,7772128.47,-12905.03,0,0,,,
fault_6,193368.96,7785949.84,-12908,0,0,,,
fault_6,193779.65,7781206.97,-12913.19,0,0,,,
fault_6,189996.81,7772381.19,-12922.09,0,0,,,
fault_6,193391.37,7786450.37,-12922.13,1,,0.52,0.01,0.85
fault_6,193009.46,7788443.27,-12925.6,1,,0.55,0.01,0.83
fault_6,190071.86,7772632.71,-12944.85,0,0,,,
fault_6,193659.86,7784955.34,-12945.65,1,,0.54,0.01,0.84
fault_6,193484.46,7785201.96,-12974.69,1,,0.53,0.01,0.85
fault_6,193191.93,7785696.32,-12987.35,1,,0.55,0.01,0.83
fault_6,193156.84,7779194.39,-12993.74,0,0,,,
fault_6,191256.2,7776406.63,-13015.22,0,0,,,
fault_6,191183.88,7776155.16,-13039.14,0,0,,,
fault_6,193947.99,7781460.32,-13043.19,0,0,,,
fault_6,193684.3,7784705.77,-13064.53,0,0,,,
fault_6,191410.38,7776659.7,-13086.76,0,0,,,
fault_6,193527.73,7780701.94,-13102.36,0,0,,,
fault_6,193077.17,7788444.6,-13135.85,0,0,,,
fault_6,191627.57,7776914,-13141.15,0,0,,,
fault_6,193311.66,7779947.56,-13188.02,0,0,,,
fault_6,193408.95,7784950.43,-13196.04,0,0,,,
fault_6,192806.05,7778687.42,-13211.86,0,0,,,
fault_6,193765.57,7784457.32,-13217.41,0,0,,,
fault_6,193963.48,7783961.1,-13225.32,0,0,,,
fault_6,192249.77,7777676.33,-13274.49,0,0,,,
fault_6,192675.88,7778434.82,-13319.67,0,0,,,
fault_6,192565.12,7778182.61,-13342.62,0,0,,,
fault_6,193997.02,7783461.66,-13349.53,0,0,,,
fault_6,192997.92,7779441.32,-13350.94,0,0,,,
fault_6,193873.06,7783209.18,-13370.92,0,0,,,
fault_6,193951.27,7783710.81,-13415.18,0,0,,,
fault_6,192942.39,7787941.86,-13435.8,0,0,,,
fault_6,193246.37,7780446.38,-13457.97,0,0,,,
fault_6,193684.96,7784205.69,-13494.27,0,0,,,
fault_6,193310.18,7780947.73,-13533.65,0,0,,,
fault_6,193206.65,7784946.47,-13561.87,0,0,,,
fault_6,193635.77,7782704.44,-13633.88,0,0,,,
fault_6,193159.69,7780694.73,-13677.42,0,0,,,
fault_6,192941.45,7785191.32,-13678.03,0,0,,,
fault_6,192537.59,7778932.21,-13684,0,0,,,
fault_6,190705.62,7776395.84,-13708.22,0,0,,,
fault_6,193399.68,7781699.62,-13718.77,0,0,,,
fault_6,193017.79,7786943.15,-13725.01,0,0,,,
fault_6,192790.18,7779687.3,-13725.9,0,0,,,
fault_6,193316.01,7781447.94,-13765.44,0,0,,,
fault_6,193454.2,7781950.74,-13792.06,0,0,,,
fault_6,192804.18,7785688.73,-13795.44,0,0,,,
fault_6,192799.4,7786688.82,-13807.65,0,0,,,
fault_6,192976.66,7786192.2,-13838.65,0,0,,,
fault_6,192636.05,7788185.91,-14055.54,0,0,,,
fault_6,192595.27,7785934.68,-14203.25,0,0,,,
fault_6,192934.25,7781690.51,-14204.34,0,0,,,
fault_6,192581.01,7786434.5,-14272.46,0,0,,,
fault_6,192616.77,7779433.86,-14275.6,0,0,,,
fault_6,192625.47,7785435.18,-14303.18,0,0,,,
fault_6,192068.87,7778672.98,-14320.14,0,0,,,
fault_6,193123.17,7782944.45,-14356.35,0,0,,,
fault_6,192734.92,7784687.18,-14422.37,0,0,,,
fault_6,192161.52,7778924.84,-14588.65,0,0,,,
fault_6,192426.64,7780180.28,-14590.03,0,0,,,
fault_6,192382.55,7784930.32,-14679.53,0,0,,,
fault_6,192289.9,7785678.65,-14787.53,0,0,,,
fault_6,191975.71,7788423.02,-14851.66,0,0,,,
fault_6,192296.58,7785178.69,-14872.42,0,0,,,
fault_6,192261.35,7787928.52,-14964.52,0,0,,,
fault_6,192062.51,7779923.09,-15128.72,0,0,,,
fault_6,191999.67,7788173.44,-15191.77,0,0,,,
fault_6,191871,7779669.3,-15194.12,0,0,,,
fault_6,191767.37,7786918.65,-15573.94,0,0,,,
fault_6,192489.72,7779431.37,-15576.41,0,0,,,
fault_6,191694.12,7786667.17,-15625.58,0,0,,,
fault_6,191486.17,7788413.43,-15766.19,0,0,,,
fault_6,191634.58,7784665.62,-15815.42,0,0,,,
fault_6,191553.88,7786414.38,-15842.48,0,0,,,
fault_6,191458.3,7786162.46,-15863.15,0,0,,,
fault_6,191768.75,7787418.78,-15914.79,0,0,,,
fault_6,191803.61,7787919.56,-15966.43,0,0,,,
fault_6,191458.28,7785662.36,-16032.73,0,0,,,
fault_6,191391.74,7785911.1,-16123.44,0,0,,,
fault_6,191502.28,7784913.08,-16201.17,0,0,,,
fault_6,191428.92,7787662.17,-16204,0,0,,,
fault_6,191474.22,7785162.58,-16222.62,0,0,,,
fault_6,191230.3,7785407.85,-16495.04,0,0,,,
fault_6,191015.06,7788154.16,-16567.42,0,0,,,
fault_6,190985.97,7784652.92,-16876.27,0,0,,,
fault_6,190978.23,7786153.05,-16885.71,0,0,,,
fault_6,191096.9,7784905.14,-16940.57,0,0,,,
fault_6,190987.76,7785153.05,-16983.44,0,0,,,
fault_6,190872.85,7786401.04,-17019.99,0,0,,,
fault_6,190290.58,7788390.01,-17046.52,0,0,,,
fault_6,190440.65,7785642.43,-17115.95,0,0,,,
fault_7,195924.82,7784249.57,-8649.87,0,0,,,
fault_7,195878.82,7784498.71,-8924.73,0,0,,,
fault_7,195364.41,7783988.54,-8966.8,0,0,,,
fault_7,193892.22,7783209.56,-9048.61,0,0,,,
fault_7,193655.93,7782954.88,-9064.57,0,0,,,
fault_7,194879.8,7783729,-9065.15,0,0,,,
fault_7,195178.42,7784234.95,-9267.95,0,0,,,
fault_7,195608.4,7784743.47,-9302.55,0,0,,,
fault_7,194174.37,7783715.18,-9399.06,0,0,,,
fault_7,195441.11,7784990.24,-9410.47,0,0,,,
fault_7,193682.61,7783455.5,-9414.74,0,0,,,
fault_7,193514.62,7783202.16,-9440.24,0,0,,,
fault_7,193331.04,7782948.52,-9455.98,0,0,,,
fault_7,195238.06,7784486.16,-9459.34,0,0,,,
fault_7,194694.1,7784225.46,-9509.68,1,,0.82,0.02,0.57
fault_7,194360.53,7783968.88,-9545.94,0,0,,,
fault_7,194814.9,7784477.87,-9630.29,1,,0.83,0.02,0.55
fault_7,193010.78,7782192.1,-9631.44,0,0,,,
fault_7,193737.99,7783706.63,-9631.86,0,0,,,
fault_7,193130.87,7782444.5,-9633.19,0,0,,,
fault_7,194334.52,7783968.37,-9633.36,1,,0.84,0.02,0.54
fault_7,192799.83,7781687.87,-9643.13,0,0,,,
fault_7,192953.77,7781940.94,-9649.06,0,0,,,
fault_7,192873.18,7782689.5,-9663.02,0,0,,,
fault_7,195065.28,7784732.83,-9678.98,0,0,,,
fault_7,195405.91,7785239.59,-9708.25,0,0,,,
fault_7,194273.7,7784217.22,-9769.8,0,,-0.45,0.45,0
fault_7,194273.7,7784217.22,-9769.8,0,0,,,
fault_7,193389.69,7783449.76,-9804.49,0,0,,,
fault_7,194983.77,7784981.28,-9823.78,0,0,,,
fault_7,194398.71,7784469.72,-9854.08,0,0,,,
fault_7,192651.88,7781684.98,-9869.57,0,0,,,
fault_7,193895.81,7783709.73,-9903.11,1,,0.76,0.01,0.65
fault_7,193779.52,7783957.5,-9905.56,0,0,,,
fault_7,193028.34,7782942.59,-9920.54,1,,0.59,0.01,0.81
fault_7,192737.66,7781936.7,-9922.21,0,0,,,
fault_7,192645.73,7781684.86,-9929.2,1,,0.47,0.01,0.88
fault_7,192910.18,7782940.27,-9950.62,0,0,,,
fault_7,193049.43,7783193.05,-9963.05,0,0,,,
fault_7,193197.99,7783195.96,-9963.21,1,,0.6,0.01,0.8
fault_7,194664.16,7784724.97,-9968.76,1,,0.82,0.02,0.58
fault_7,193307.71,7783698.21,-10000.1,0,0,,,
fault_7,192898,7782439.94,-10020.59,1,,0.52,0.01,0.86
fault_7,192847.83,7782438.96,-10025.33,0,0,,,
fault_7,192784.9,7782187.68,-10028.3,0,0,,,
fault_7,192675.48,7782685.63,-10041.24,1,,0.46,0.01,0.89
fault_7,193223.79,7783446.51,-10045.92,1,,0.59,0.01,0.81
fault_7,195061.18,7785232.84,-10078.83,0,0,,,
fault_7,192747.39,7782186.94,-10092.45,1,,0.5,0.01,0.87
fault_7,192696.66,7781935.9,-10094.52,1,,0.5,0.01,0.87
fault_7,194405.94,7784719.91,-10167.05,0,0,,,
fault_7,192491.63,7781681.84,-10215.27,0,0,,,
fault_7,193617.09,7784204.36,-10224.54,0,0,,,
fault_7,193023.2,7783442.58,-10229.21,0,0,,,
fault_7,193182.22,7783695.75,-10229.26,0,0,,,
fault_7,194850.53,7784978.67,-10242.34,1,,0.58,0.01,0.82
fault_7,192541.41,7781932.86,-10267.31,0,0,,,
fault_7,193304.64,7783948.19,-10299.91,0,0,,,
fault_7,194711.54,7784975.94,-10304.8,0,0,,,
fault_7,194999.04,7785231.62,-10307.93,1,,0.56,0.01,0.83
fault_7,192824.74,7783188.65,-10321.97,0,0,,,
fault_7,193750.98,7784457.03,-10335.85,0,0,,,
fault_7,193463.38,7784201.35,-10369.48,0,0,,,
fault_7,192661.38,7782935.4,-10398.04,0,0,,,
fault_7,192665.12,7782435.38,-10408,0,0,,,
fault_7,192477.78,7782681.76,-10419.46,0,0,,,
fault_7,192439.55,7781930.86,-10539.98,0,0,,,
fault_7,192483.99,7782181.78,-10553.46,0,0,,,
fault_7,193719.93,7784706.47,-10634.97,0,0,,,
fault_7,192764.97,7783437.53,-10677.09,0,0,,,
fault_7,192911.82,7783690.45,-10741.08,0,0,,,
fault_7,192400.75,7782930.3,-10776.52,0,0,,,
fault_7,192503.77,7783182.36,-10877.81,0,0,,,
fault_7,194592.18,7785223.65,-10907.61,0,0,,,
fault_7,194259.95,7784967.1,-11074.22,0,0,,,
fault_8,192059.7,7778172.7,-9521.58,0,0,,,
fault_8,191907.46,7777919.67,-9555.41,0,0,,,
fault_8,192168.09,7778424.88,-9555.41,0,0,,,
fault_8,192097.49,7777923.4,-9785.32,0,0,,,
fault_8,192264.36,7778176.71,-9886.74,0,0,,,
fault_8,192358.13,7778428.6,-9913.8,0,0,,,
fault_8,192313.69,7778177.68,-9932.39,1,,-0.53,-0.01,0.85
fault_8,192394.67,7778429.31,-10018.61,1,,-0.44,-0.01,0.9
fault_8,192258.29,7777926.55,-10027.06,1,,-0.6,-0.01,0.8
fault_8,192567.68,7778182.66,-10343.2,0,0,,,
fault_8,192621.25,7778433.75,-10481.81,0,0,,,
fault_8,192609.12,7777933.42,-10498.71,0,0,,,
fault_9,191340.49,7784159.77,-9475.07,0,0,,,
fault_9,191063.79,7783654.25,-9486.28,0,0,,,
fault_9,191147.67,7783905.94,-9501.21,0,0,,,
fault_9,191630.16,7784415.49,-9699.07,0,0,,,
fault_9,191197.81,7783406.83,-9799.86,0,0,,,
fault_9,191680.59,7784416.48,-9840.93,1,,-0.33,-0.01,0.94
fault_9,191574.52,7784164.35,-9885.74,0,0,,,
fault_9,191731.03,7784417.46,-9982.79,0,0,,,
fault_9,191447.12,7783661.76,-10020.14,0,0,,,
fault_9,191535.03,7783913.53,-10042.53,1,,-0.58,-0.01,0.81
fault_9,191639.08,7784165.61,-10057.45,1,,-0.46,-0.01,0.89
fault_9,191623.81,7783915.27,-10076.14,0,0,,,
fault_9,191359.21,7783409.99,-10106,0,0,,,
fault_9,191719.78,7784167.2,-10139.6,0,0,,,
fault_9,191424.93,7783661.32,-10201.19,1,,-0.45,-0.01,0.89
fault_9,191369.3,7783410.19,-10227.32,1,,-0.37,-0.01,0.93
fault_9,191644.85,7783665.63,-10326.25,0,0,,,
fault_9,191922.4,7783921.12,-10583.85,0,0,,,
fault_9,191937.68,7784171.46,-10639.82,0,0,,,
fault_9,191540.79,7783413.55,-10654.78,0,0,,,
fault_9,191786.07,7783668.4,-10916.1,0,0,,,
S3,189324.05,7787195.85,-9782,,0,,,
S3,189587.2,7785250.64,-9815,,0,,,
S3,189917.07,7786282.29,-9828,,0,,,
S3,190431.69,7786817.47,-9876,,0,,,
S3,190661.52,7785296.68,-9904,,0,,,
S3,190784.59,7787949.6,-9874,,0,,,
S3,190795.83,7786099.47,-9940,,0,,,
S3,190845.38,7788675.93,-9852,,0,,,
S3,190884.55,7786676.32,-9940,,0,,,
S3,190939.26,7777500.63,-9703,,0,,,
S3,191012.44,7785253.55,-9935,,0,,,
S3,191052.15,7785779.43,-9984,,0,,,
S3,191059.34,7777753.03,-9832,,0,,,
S3,191069.8,7786154.85,-9973,,0,,,
S3,191144.12,7777254.6,-9921,,0,,,
S3,191186.94,7786557.22,-9986,,0,,,
S3,191300.98,7778182.85,-10125,,0,,,
S3,191384.83,7780284.89,-9958,,0,,,
S3,191548.95,7777012.48,-10033,,0,,,
S3,191555.36,7779238.03,-10248,,0,,,
S3,191605.01,7786915.47,-10012,,0,,,
S3,191613.19,7778839.09,-10238,,0,,,
S3,191706.44,7785567.2,-10042,,0,,,
S3,191722.47,7778366.14,-10317,,0,,,
S3,191789.28,7786443.99,-10054,,0,,,
S3,191813.76,7785194.23,-10032,,0,,,
S3,191833.72,7777793.21,-10218,,0,,,
S3,191892.08,7779919.76,-10388,,0,,,
S3,191898.42,7778319.57,-10327,,0,,,
S3,192061.2,7781498.37,-10364,,0,,,
S3,192075.32,7776947.78,-10104,,0,,,
S3,192103.77,7778048.54,-10309,,0,,,
S3,192256.76,7781727.24,-10409,,0,,,
S3,192339.97,7776202.82,-10022,,0,,,
S3,192472.98,7786007.3,-10157,,0,,,
S3,192541.45,7778682.24,-10379,,0,,,
S3,192590.12,7786409.67,-10156,,0,,,
S3,192622.46,7786035.23,-10168,,0,,,
S3,192749.81,7782086.97,-10473,,0,,,
S3,192758.65,7782912.3,-10392,,0,,,
S3,192810.16,7785388.78,-10152,,0,,,
S3,192871.88,7783514.63,-10363,,0,,,
S3,192979.59,7778015.69,-10387,,0,,,
S3,193050.81,7785868.59,-10233,,0,,,
S3,193071.28,7779717.81,-10600,,0,,,
S3,193083.49,7777817.69,-10406,,0,,,
S3,193169.42,7786195.98,-10284,,0,,,
S3,193178.09,7778094.59,-10442,,0,,,
S3,193365.89,7782549.12,-10497,,0,,,
S3,193367.31,7779923.65,-10662,,0,,,
S3,193415.93,7785100.59,-10230,,0,,,
S3,193429.46,7775474.01,-9863,,0,,,
S3,193492.38,7785027.08,-10210,,0,,,
S3,193500.58,7778225.93,-10483,,0,,,
S3,193526.14,7782027.16,-10543,,0,,,
S3,193594.64,7775977.35,-10104,,0,,,
S3,193616.4,7786354.76,-10295,,0,,,
S3,193724.76,7788482.29,-10075,,0,,,
S3,193895.15,7779783.96,-10601,,0,,,
S3,193908.35,7777833.85,-10553,,0,,,
S3,194087.38,7785288.78,-10234,,0,,,
S3,194116.73,7782513.82,-10612,,0,,,
S3,194259.29,7779065.95,-10517,,0,,,
S3,194296.23,7788668.52,-10051,,0,,,
S3,194359.83,7782868.65,-10624,,0,,,
S3,194381.42,7784319.35,-10312,,0,,,
S3,194426.96,7781994.8,-10484,,0,,,
S3,194431.88,7783020.09,-10624,,0,,,
S3,194458.37,7784220.84,-10344,,0,,,
S3,194463.17,7778869.91,-10530,,0,,,
S3,194465.81,7788946.89,-10011,,0,,,
S3,194498.64,7788547.46,-10064,,0,,,
S3,194813.13,7780152.01,-10551,,0,,,
S3,194958.3,7785505.88,-10323,,0,,,
S3,195140.1,7783884.13,-10581,,0,,,
S3,195143.07,7785009.4,-10317,,0,,,
S3,195239.11,7783936.08,-10566,,0,,,
S3,195547.82,7780941.55,-10084,,0,,,
S3,195588.09,7785268.17,-9651,,0,,,
S3,195702.22,7781994.78,-10184,,0,,,
S3,195806.66,7784322.27,-10195,,0,,,
S3,195835.55,7782847.55,-10157,,0,,,
S3,196217.36,7783780.21,-9773,,0,,,
S3,196293.82,7783706.69,-9796,,0,,,
S3,189275.04,7787144.88,-9744,,0,,,
S3,189337.79,7787771.23,-9758,,0,,,
S3,189564.17,7785150.16,-9797,,0,,,
S3,189723.96,7785928.44,-9812,,0,,,
S3,189797.5,7787280.14,-9814,,0,,,
S3,190141.58,7788862.18,-9540,,0,,,
S3,190175.88,7788387.77,-9788,,0,,,
S3,190264.07,7786439.12,-9829,,0,,,
S3,190678.22,7786997.34,-9843,,0,,,
S3,190740.45,7786373.44,-9868,,0,,,
S3,190851.57,7779424.28,-9474,,0,,,
S3,190945.36,7788677.89,-9802,,0,,,
S3,190957.13,7789353.25,-9706,,0,,,
S3,190979.46,7778001.51,-9602,,0,,,
S3,191036.92,7784003.79,-9994,,0,,,
S3,191186.8,7778905.75,-9650,,0,,,
S3,191195.76,7786107.3,-9918,,0,,,
S3,191233.85,7779056.7,-9724,,0,,,
S3,191279.04,7784408.61,-9949,,0,,,
S3,191290.16,7776182.25,-9931,,0,,,
S3,191336.4,7785309.91,-9904,,0,,,
S3,191357.38,7780409.38,-9743,,0,,,
S3,191542.12,7778637.66,-10129,,0,,,
S3,191544.17,7783638.65,-9867,,0,,,
S3,191596.96,7775838.19,-9848,,0,,,
S3,191611.77,7781464.56,-9810,,0,,,
S3,191658.92,7786716.49,-9932,,0,,,
S3,191803.92,7783143.65,-9682,,0,,,
S3,191873.62,7788521.04,-9868,,0,,,
S3,192028.25,7775521.58,-9775,,0,,,
S3,192045.92,7777172.24,-10058,,0,,,
S3,192119.59,7784900.17,-9938,,0,,,
S3,192155.35,7784350.76,-10020,,0,,,
S3,192173.42,7780875.45,-10285,,0,,,
S3,192205.25,7779250.76,-10304,,0,,,
S3,192217.14,7786302.34,-9994,,0,,,
S3,192244.93,7778501.39,-10275,,0,,,
S3,192469.01,7783656.77,-10131,,0,,,
S3,192567.13,7788859.69,-9910,,0,,,
S3,192588.99,7778808.19,-10279,,0,,,
S3,192604.61,7775457.86,-9809,,0,,,
S3,192783.72,7786738.52,-10080,,0,,,
S3,192827.17,7778137.73,-10186,,0,,,
S3,192833.24,7788039.74,-9961,,0,,,
S3,192850.23,7779513.44,-10368,,0,,,
S3,192924.78,7782090.4,-10348,,0,,,
S3,192958.59,7781640.97,-10325,,0,,,
S3,192965,7783866.53,-10122,,0,,,
S3,193118.43,7784969.74,-10054,,0,,,
S3,193172.41,7788596.49,-10004,,0,,,
S3,193200.78,7785871.53,-10122,,0,,,
S3,193223.31,7784721.75,-10077,,0,,,
S3,193362.51,7785274.58,-10098,,0,,,
S3,193390.47,7786400.34,-10165,,0,,,
S3,193422.34,7787326.15,-10080,,0,,,
S3,193536.06,7787903.48,-10034,,0,,,
S3,193553.02,7778101.94,-10321,,0,,,
S3,193572.61,7777102.13,-10251,,0,,,
S3,193629.92,7775452.94,-9829,,0,,,
S3,193639.37,7782629.5,-10345,,0,,,
S3,193643.82,7784955.03,-10029,,0,,,
S3,193678.02,7779379.63,-10527,,0,,,
S3,193728.19,7788307.32,-9914,,0,,,
S3,193770.22,7782332,-10394,,0,,,
S3,193796.29,7787383.48,-10064,,0,,,
S3,193860.8,7777707.89,-10415,,0,,,
S3,193902.59,7784510.01,-10129,,0,,,
S3,194061.89,7785313.29,-10043,,0,,,
S3,194111.81,7781488.53,-10261,,0,,,
S3,194151.08,7784589.89,-10098,,0,,,
S3,194214.22,7780090.27,-10302,,0,,,
S3,194379.81,7776742.87,-9810,,0,,,
S3,194402.58,7788345.54,-9937,,0,,,
S3,194404,7785720.06,-10130,,0,,,
S3,194487.14,7776369.9,-9533,,0,,,
S3,194503.81,7776795.31,-9716,,0,,,
S3,194574.49,7782122.71,-10283,,0,,,
S3,194702.33,7778149.46,-10179,,0,,,
S3,194792,7777401.07,-9700,,0,,,
S3,194816.61,7782527.53,-10289,,0,,,
S3,194896.88,7777153.08,-9536,,0,,,
S3,194961.61,7778954.69,-10016,,0,,,
S3,194975.91,7783330.81,-10473,,0,,,
S3,195136.09,7778983.11,-9762,,0,,,
S3,195180.67,7777983.79,-9448,,0,,,
S3,195189.09,7782659.85,-10314,,0,,,
S3,195314.51,7780086.82,-10032,,0,,,
S3,195351.26,7779487.42,-9790,,0,,,
S3,195431.16,7780514.18,-10002,,0,,,
S3,195445.04,7788741.03,-9122,,0,,,
S3,195540.45,7780041.23,-9600,,0,,,
S3,195622.39,7784793.75,-9877,,0,,,
S3,195664.57,7786469.9,-9108,,0,,,
S3,195730.28,7788221.52,-9139,,0,,,
S3,195764.09,7787772.09,-9141,,0,,,
S3,195806.17,7784347.26,-9906,,0,,,
S3,195840.98,7785123.09,-9363,,0,,,
S3,195917.36,7781223.84,-9452,,0,,,
S3,196203.63,7783204.83,-9474,,0,,,
S3,196209.01,7782929.88,-9447,,0,,,
S3,190678.22,7786997.34,-9843,0,,,,
S3,190740.45,7786373.44,-9868,0,,,,
S3,190431.69,7786817.47,-9876,0,,0,0,-1
S3,191195.76,7786107.3,-9918,0,,,,
S3,191658.92,7786716.49,-9932,0,,,,
S3,192119.59,7784900.17,-9938,0,,,,
S3,190795.83,7786099.47,-9940,0,,0,0,-1
S3,190884.55,7786676.32,-9940,0,,0,0,-1
S3,192833.24,7788039.74,-9961,0,,,,
S3,191069.8,7786154.85,-9973,0,,0,0,-1
S3,191052.15,7785779.43,-9984,0,,0,0,-1
S3,191186.94,7786557.22,-9986,0,,0,0,-1
S3,192217.14,7786302.34,-9994,0,,,,
S3,191605.01,7786915.47,-10012,0,,0,0,-1
S3,193643.82,7784955.03,-10029,0,,,,
S3,191813.76,7785194.23,-10032,0,,0,0,-1
S3,193536.06,7787903.48,-10034,0,,,,
S3,191706.44,7785567.2,-10042,0,,0,0,-1
S3,194061.89,7785313.29,-10043,0,,,,
S3,191789.28,7786443.99,-10054,0,,0,0,-1
S3,193118.43,7784969.74,-10054,0,,,,
S3,193796.29,7787383.48,-10064,0,,,,
S3,193223.31,7784721.75,-10077,0,,,,
S3,192783.72,7786738.52,-10080,0,,,,
S3,193422.34,7787326.15,-10080,0,,,,
S3,193362.51,7785274.58,-10098,0,,,,
S3,194151.08,7784589.89,-10098,0,,,,
S3,192965,7783866.53,-10122,0,,,,
S3,193200.78,7785871.53,-10122,0,,,,
S3,193902.59,7784510.01,-10129,0,,,,
S3,194404,7785720.06,-10130,0,,,,
S3,192469.01,7783656.77,-10131,0,,,,
S3,192810.16,7785388.78,-10152,0,,0,0,-1
S3,192590.12,7786409.67,-10156,0,,0,0,-1
S3,192472.98,7786007.3,-10157,0,,0,0,-1
S3,193390.47,7786400.34,-10165,0,,,,
S3,192622.46,7786035.23,-10168,0,,0,0,-1
S3,193492.38,7785027.08,-10210,0,,0,0,-1
S3,193415.93,7785100.59,-10230,0,,0,0,-1
S3,193050.81,7785868.59,-10233,0,,0,0,-1
S3,194087.38,7785288.78,-10234,0,,0,0,-1
S3,193169.42,7786195.98,-10284,0,,0,0,-1
S3,193616.4,7786354.76,-10295,0,,0,0,-1
S3,192871.88,7783514.63,-10363,0,,0,0,-1
S3,192339.97,7776202.82,-10022,0,,-0.17,0,-0.98
S3,192045.92,7777172.24,-10058,0,,,,
S3,192075.32,7776947.78,-10104,0,,-0.17,0,-0.98
S3,192827.17,7778137.73,-10186,0,,,,
S3,191833.72,7777793.21,-10218,0,,-0.17,0,-0.98
S3,193572.61,7777102.13,-10251,0,,,,
S3,194111.81,7781488.53,-10261,0,,,,
S3,192244.93,7778501.39,-10275,0,,,,
S3,192588.99,7778808.19,-10279,0,,,,
S3,194574.49,7782122.71,-10283,0,,,,
S3,194816.61,7782527.53,-10289,0,,,,
S3,194214.22,7780090.27,-10302,0,,,,
S3,192205.25,7779250.76,-10304,0,,,,
S3,192103.77,7778048.54,-10309,0,,-0.17,0,-0.98
S3,194381.42,7784319.35,-10312,0,,-0.17,0,-0.98
S3,193553.02,7778101.94,-10321,0,,,,
S3,192958.59,7781640.97,-10325,0,,,,
S3,191898.42,7778319.57,-10327,0,,-0.17,0,-0.98
S3,194458.37,7784220.84,-10344,0,,-0.17,0,-0.98
S3,193639.37,7782629.5,-10345,0,,,,
S3,192924.78,7782090.4,-10348,0,,,,
S3,192850.23,7779513.44,-10368,0,,,,
S3,192541.45,7778682.24,-10379,0,,-0.17,0,-0.98
S3,192979.59,7778015.69,-10387,0,,-0.17,0,-0.98
S3,192758.65,7782912.3,-10392,0,,-0.17,0,-0.98
S3,193770.22,7782332,-10394,0,,,,
S3,193083.49,7777817.69,-10406,0,,-0.17,0,-0.98
S3,193860.8,7777707.89,-10415,0,,,,
S3,193178.09,7778094.59,-10442,0,,-0.17,0,-0.98
S3,192749.81,7782086.97,-10473,0,,-0.17,0,-0.98
S3,194975.91,7783330.81,-10473,0,,,,
S3,193500.58,7778225.93,-10483,0,,-0.17,0,-0.98
S3,194426.96,7781994.8,-10484,0,,-0.17,0,-0.98
S3,193365.89,7782549.12,-10497,0,,-0.17,0,-0.98
S3,193678.02,7779379.63,-10527,0,,,,
S3,193526.14,7782027.16,-10543,0,,-0.17,0,-0.98
S3,193908.35,7777833.85,-10553,0,,-0.17,0,-0.98
S3,195140.1,7783884.13,-10581,0,,-0.17,0,-0.98
S3,193071.28,7779717.81,-10600,0,,-0.17,0,-0.98
S3,193895.15,7779783.96,-10601,0,,-0.17,0,-0.98
S3,194116.73,7782513.82,-10612,0,,-0.17,0,-0.98
S3,194359.83,7782868.65,-10624,0,,-0.17,0,-0.98
S3,194431.88,7783020.09,-10624,0,,-0.17,0,-0.98
S3,193367.31,7779923.65,-10662,0,,-0.17,0,-0.98
stratigraphy,195730.28,7788221.52,-9139,,,0,0,1
stratigraphy,195840.98,7785123.09,-9363,,,0.17,0,0.98
stratigraphy,195180.67,7777983.79,-9448,,,0.17,0,0.98
stratigraphy,190141.58,7788862.18,-9540,,,0,0,1
stratigraphy,195540.45,7780041.23,-9600,,,0.17,0,0.98
stratigraphy,191186.8,7778905.75,-9650,,,0.17,0,0.98
stratigraphy,191803.92,7783143.65,-9682,,,0.17,0,0.98
stratigraphy,194503.81,7776795.31,-9716,,,0.17,0,0.98
stratigraphy,195136.09,7778983.11,-9762,,,0.17,0,0.98
stratigraphy,192028.25,7775521.58,-9775,,,0.17,0,0.98
stratigraphy,190175.88,7788387.77,-9788,,,0,0,1
stratigraphy,189564.17,7785150.16,-9797,,,0,0,1
stratigraphy,191197.81,7783406.83,-9799.86,,0,,,
stratigraphy,189917.07,7786282.29,-9828,,,0,0,1
stratigraphy,193629.92,7775452.94,-9829,,,0.17,0,0.98
stratigraphy,193429.46,7775474.01,-9863,,,0.17,0,0.98
stratigraphy,191873.62,7788521.04,-9868,,,0,0,1
stratigraphy,191336.4,7785309.91,-9904,,,0,0,1
stratigraphy,193728.19,7788307.32,-9914,,,0,0,1
stratigraphy,191195.76,7786107.3,-9918,,,0,0,1
stratigraphy,191144.12,7777254.6,-9921,,,0.17,0,0.98
stratigraphy,191012.44,7785253.55,-9935,,,0,0,1
stratigraphy,192119.59,7784900.17,-9938,,,0,0,1
stratigraphy,190795.83,7786099.47,-9940,,,0,0,1
stratigraphy,190884.55,7786676.32,-9940,,,0,0,1
stratigraphy,191279.04,7784408.61,-9949,,,0,0,1
stratigraphy,191384.83,7780284.89,-9958,,,0.17,0,0.98
stratigraphy,190634.01,7775143.44,-9965.91,,0,,,
stratigraphy,191052.15,7785779.43,-9984,,,0,0,1
stratigraphy,191186.94,7786557.22,-9986,,,0,0,1
stratigraphy,191813.76,7785194.23,-10032,,,0,0,1
stratigraphy,193536.06,7787903.48,-10034,,,0,0,1
stratigraphy,193118.43,7784969.74,-10054,,,0,0,1
stratigraphy,193796.29,7787383.48,-10064,,,0,0,1
stratigraphy,193796.29,7787383.48,-10064,,,0,0,1
stratigraphy,193223.31,7784721.75,-10077,,,0,0,1
stratigraphy,193422.34,7787326.15,-10080,,,0,0,1
stratigraphy,193902.59,7784510.01,-10129,,,0.17,0,0.98
stratigraphy,192472.98,7786007.3,-10157,,,0,0,1
stratigraphy,195835.55,7782847.55,-10157,,,0.17,0,0.98
stratigraphy,194702.33,7778149.46,-10179,,,0.17,0,0.98
stratigraphy,195702.22,7781994.78,-10184,,,0.17,0,0.98
stratigraphy,192827.17,7778137.73,-10186,,,0.17,0,0.98
stratigraphy,195806.66,7784322.27,-10195,,,0.17,0,0.98
stratigraphy,189050,7790000,-10200,,0,,,
stratigraphy,196300,7790000,-10200,,0,,,
stratigraphy,192675,7790000,-10200,,0,,,
stratigraphy,193492.38,7785027.08,-10210,,,0,0,1
stratigraphy,193492.38,7785027.08,-10210,,0,,,
stratigraphy,193023.2,7783442.58,-10229.21,,0,,,
stratigraphy,193050.81,7785868.59,-10233,,,0,0,1
stratigraphy,193050.81,7785868.59,-10233,,0,,,
stratigraphy,194111.81,7781488.53,-10261,,,0.17,0,0.98
stratigraphy,192244.93,7778501.39,-10275,,,0.17,0,0.98
stratigraphy,194574.49,7782122.71,-10283,,,0.17,0,0.98
stratigraphy,192103.77,7778048.54,-10309,,,0.17,0,0.98
stratigraphy,191722.47,7778366.14,-10317,,,0.17,0,0.98
stratigraphy,194958.3,7785505.88,-10323,,,0,0,1
stratigraphy,194958.3,7785505.88,-10323,,,0.17,0,0.98
stratigraphy,194958.3,7785505.88,-10323,,0,,,
stratigraphy,192958.59,7781640.97,-10325,,,0.17,0,0.98
stratigraphy,194458.37,7784220.84,-10344,,,0.17,0,0.98
stratigraphy,193639.37,7782629.5,-10345,,,0.17,0,0.98
stratigraphy,192061.2,7781498.37,-10364,,,0.17,0,0.98
stratigraphy,192850.23,7779513.44,-10368,,,0.17,0,0.98
stratigraphy,192541.45,7778682.24,-10379,,,0.17,0,0.98
stratigraphy,193770.22,7782332,-10394,,,0.17,0,0.98
stratigraphy,193178.09,7778094.59,-10442,,,0.17,0,0.98
stratigraphy,193500.58,7778225.93,-10483,,,0.17,0,0.98
stratigraphy,194426.96,7781994.8,-10484,,,0.17,0,0.98
stratigraphy,194259.29,7779065.95,-10517,,,0.17,0,0.98
stratigraphy,193526.14,7782027.16,-10543,,,0.17,0,0.98
stratigraphy,194813.13,7780152.01,-10551,,,0.17,0,0.98
stratigraphy,193908.35,7777833.85,-10553,,,0.17,0,0.98
stratigraphy,195140.1,7783884.13,-10581,,,0.17,0,0.98
stratigraphy,193071.28,7779717.81,-10600,,,0.17,0,0.98
stratigraphy,193895.15,7779783.96,-10601,,,0.17,0,0.98
stratigraphy,194359.83,7782868.65,-10624,,,0.17,0,0.98
stratigraphy,193367.31,7779923.65,-10662,,,0.17,0,0.98
